Match Number,R1,R2,R3,B1,B2,B3
1,340,3504,3015,2641,3990,4028
2,340,3504,3015,2641,3990,4028
1,3484,63,9406,3504,4467,117
10,63,9415,8705,3173,7274,2095
11,2010,340,709,9022,1708,3260
12,2614,10300,6032,1317,4269,5740
13,3484,5667,1601,10515,9642,4991
14,1816,451,10516,4027,4050,3504
15,3015,2656,4028,117,3990,1511
16,10582,2641,11456,10517,10512,7515
17,5740,10513,4150,3324,4467,2234
18,4991,9415,5667,63,9475,3260
19,9406,4027,9022,1601,6032,7274
2,3260,9653,1816,8705,6032,4150
20,3015,1317,10515,1816,4028,709
21,2095,10517,2614,3504,340,3990
22,10512,10516,2641,10300,8705,10513
23,10582,4150,2010,3484,117,4269
24,4050,11456,2656,4467,3173,9653
25,2234,1511,1708,7515,9642,451
26,709,2614,5667,1816,9406,1601
27,3324,3504,3015,1317,7274,2641
28,9475,3484,4027,340,63,10513
29,4269,10512,4050,3990,3260,2656
3,4269,7515,709,2095,3324,9415
30,4991,10517,5740,9415,9022,1511
31,7515,117,3173,2234,10300,9653
32,451,10582,1708,11456,8705,10515
33,2010,4467,9642,2095,4028,10516
34,4150,3015,1601,6032,63,4050
35,4027,1511,2614,10512,3324,3484
36,7515,3990,2234,9475,1816,9022
37,340,9653,7274,709,4991,10582
38,10300,10515,3260,9406,10513,9642
39,10517,4269,4467,3173,5667,451
4,10513,3015,9475,2614,3173,1708
40,6032,3504,9415,11456,2010,4028
41,1708,8705,2095,5740,2656,117
42,10516,1317,9475,4150,2641,1511
43,10515,9022,63,9653,2614,10512
44,7274,3260,10513,1601,451,10517
45,4467,6032,1816,10300,10582,9415
46,8705,3990,3173,9642,709,3324
47,5740,11456,2095,10516,3015,3484
48,4150,1317,3504,2656,4991,7515
49,2641,2234,9406,2010,1708,4269
5,7274,2010,10300,1511,2656,5667
50,4028,4050,117,5667,340,4027
51,10512,10515,1816,7274,9475,4467
52,3260,451,3324,63,10300,3015
53,4991,4150,11456,10513,2095,3990
54,6032,3484,2656,2234,709,10517
55,2614,117,9642,9415,2641,4050
56,9406,10516,3173,9022,4028,10582
57,1511,1601,340,4269,3504,8705
58,1317,9653,7515,5667,5740,2010
59,1708,709,10300,4027,4150,10517
6,9022,9642,340,451,11456,1317
60,117,2234,4991,11456,3260,2614
61,9642,2095,6032,451,9475,10512
62,63,10516,3324,2656,10515,340
63,10513,5667,9022,1511,10582,3504
64,4028,7274,4269,4050,3484,5740
65,8705,7515,4027,4467,9406,3015
66,9653,9415,3990,1708,1601,1317
67,2641,2010,4991,3173,1816,63
7,3990,5740,2641,10515,4027,10582
8,4028,2234,10512,4991,1601,10516
9,3324,4050,9653,10517,9406,9475
1,3173,2614,451,1816,4269,1708
1,340,3504,3015,3990,2641,4028
1,3173,2614,451,1511,4050,117
1,2641,3990,4028,117,4050,1511
1,340,4991,3015,1708,4269,1816
1,1511,4050,117,7515,2656,5740
1,3990,2641,4028,4467,10513,5667
1,1601,4027,9406,3173,2614,451
1,1816,4269,1708,7515,2656,5740
1,9653,10513,5667,1601,4027,9406
1,340,4991,3015,1511,4050,117
1,3990,2641,4028,3173,2614,451
1,1511,4050,117,1601,4027,9406
