Scouter Initials	Match Number	Team and Robot	No Show	autoCarrotO	autoCarrotCakeO	autoCarrotL1	autoCarrotL2	autoCarrotL3	autoCarrotCakeL1	autoCarrotCakeL2	autoCarrotCakeL3	telCarrotO	telCarrotCakeO	telCarrotL1	telCarrotL2	telCarrotL3	telCarrotCakeL1	telCarrotCakeL2	telCarrotCakeL3	Auto Cross Kitchen Line	Auto Robot Stuck or Astop in Auto?	Harvest Haul Carrots	Harvest Haul Carrot Cakes
abc	1	3484	True	0	0	1	4	0	1	1	0	28	14	28	27	22	12	6	3	False	False	2	1
abc	1	63	False	0	0	1	0	2	1	0	1	22	6	19	4	23	16	20	15	False	False	0	0
abc	1	9406	False	4	2	1	2	0	0	1	0	10	19	23	12	30	12	16	12	False	False	1	1
abc	1	3504	False	2	0	1	3	4	2	1	2	4	10	3	18	26	15	10	7	False	False	0	0
abc	1	4467	False	3	1	3	1	1	0	2	2	2	4	13	1	29	0	19	7	False	False	3	1
abc	1	117	False	2	2	4	2	2	1	1	1	28	9	24	21	10	1	13	7	False	False	3	1
abc	2	340	True	3	2	3	4	1	2	1	0	11	3	21	10	25	17	7	20	False	False	0	0
abc	2	3504	False	3	1	5	5	0	1	0	2	29	5	8	1	22	19	6	19	False	False	1	0
abc	2	3015	False	3	0	0	0	2	0	0	2	10	5	15	24	12	15	20	13	False	False	3	1
abc	2	2641	True	1	2	5	5	4	2	0	2	4	3	27	7	6	17	6	7	False	False	1	0
abc	2	3990	False	0	0	2	2	4	0	2	0	29	19	23	25	15	20	10	5	False	False	1	1
abc	2	4028	False	3	2	0	3	1	1	2	0	16	7	9	11	12	15	0	9	False	True	0	1
abc	10	63	False	0	1	0	2	5	0	0	1	21	18	29	30	21	4	6	3	True	False	1	1
abc	10	9415	False	4	0	3	3	4	0	0	0	29	13	2	19	3	20	16	13	False	False	1	0
abc	10	8705	False	2	1	0	4	4	0	1	0	5	19	9	7	8	6	15	11	False	False	3	1
abc	10	3173	False	5	2	5	5	5	1	1	2	8	10	15	27	14	9	5	0	False	False	2	1
abc	10	7274	False	3	1	1	3	3	2	2	1	23	16	8	27	9	15	6	17	False	False	2	0
abc	10	2095	False	2	0	5	3	4	0	0	2	8	13	29	30	27	2	20	17	False	False	0	0
abc	11	2010	False	4	2	5	3	3	2	2	0	17	5	13	22	9	11	17	20	False	False	3	1
abc	11	340	False	3	2	4	0	2	2	2	2	1	10	2	15	0	4	13	7	False	False	0	0
abc	11	709	False	2	2	5	5	5	2	0	1	10	11	4	10	6	0	2	18	False	False	2	1
abc	11	9022	False	0	0	2	1	1	2	0	0	18	15	16	24	1	16	13	5	False	False	1	0
abc	11	1708	False	3	0	2	5	2	2	2	0	2	6	7	30	22	18	9	7	False	False	0	0
abc	11	3260	False	4	2	2	5	5	1	0	1	11	16	8	21	9	13	11	4	False	True	0	0
abc	12	2614	False	5	2	0	3	0	2	2	0	3	11	0	15	1	20	4	17	False	False	0	0
abc	12	10300	False	1	1	3	1	1	0	1	1	30	8	1	19	24	12	2	4	False	False	1	1
abc	12	6032	False	2	1	5	3	0	0	1	0	8	3	24	13	13	14	8	12	False	False	3	1
abc	12	1317	False	3	1	4	0	5	1	2	1	1	20	9	30	15	12	8	4	False	False	3	0
abc	12	4269	False	4	2	4	3	3	1	2	2	14	11	23	10	11	7	3	15	False	False	2	0
abc	12	5740	False	0	2	1	3	3	1	1	0	4	11	13	20	10	8	6	20	False	False	1	0
abc	13	3484	False	3	2	5	3	2	2	1	1	17	20	15	25	19	20	16	4	False	True	3	0
abc	13	5667	False	1	0	1	0	0	2	2	2	30	7	14	6	15	19	12	18	False	False	1	0
abc	13	1601	False	3	2	5	5	3	1	2	1	4	14	23	18	14	1	6	3	False	False	2	1
abc	13	10515	False	0	1	3	4	5	2	1	0	15	4	23	28	6	9	2	8	False	False	3	1
abc	13	9642	False	0	0	1	4	2	1	2	2	1	9	3	19	24	4	4	13	False	False	3	0
abc	13	4991	False	1	1	0	5	2	0	2	0	18	18	10	0	2	4	14	3	False	True	3	0
abc	14	1816	False	5	1	5	3	3	0	2	1	9	12	7	23	21	14	6	14	False	True	2	1
abc	14	451	False	1	1	1	1	2	0	1	1	24	10	6	1	13	5	4	0	False	False	2	0
abc	14	10516	False	0	0	3	4	2	2	1	1	13	14	2	16	27	17	4	4	False	False	0	0
abc	14	4027	False	3	0	2	2	1	1	0	1	5	9	13	19	13	8	14	1	False	False	3	0
abc	14	4050	False	5	1	4	1	0	0	0	2	1	12	5	26	11	7	11	16	False	False	2	1
abc	14	3504	False	1	1	5	5	5	0	1	2	9	14	5	0	14	14	10	4	False	False	3	1
abc	15	3015	False	5	1	3	0	4	0	2	2	28	19	8	19	29	13	2	14	False	False	1	0
abc	15	2656	False	4	2	0	5	4	2	1	2	16	11	5	26	21	2	1	19	False	False	1	0
abc	15	4028	False	3	1	4	4	1	0	2	2	12	14	23	13	1	12	5	7	False	False	1	1
abc	15	117	False	3	2	4	2	4	2	0	0	17	5	8	16	0	0	14	0	False	False	2	0
abc	15	3990	False	5	2	2	3	1	2	1	0	28	17	17	13	23	1	10	11	False	False	0	0
abc	15	1511	False	0	2	2	5	3	1	0	2	23	3	25	26	27	14	0	0	False	False	2	1
abc	16	10582	False	3	0	4	1	0	0	0	2	6	1	21	16	22	5	11	19	False	False	2	0
abc	16	2641	False	5	1	0	1	2	2	2	2	19	6	19	28	29	6	11	12	False	False	3	0
abc	16	11456	False	5	1	0	2	3	2	0	0	29	11	5	27	30	20	3	17	False	False	1	0
abc	16	10517	False	4	0	5	1	5	0	0	2	10	4	1	25	0	14	4	9	True	False	1	1
abc	16	10512	False	2	0	4	0	0	2	1	1	26	2	19	23	21	7	12	6	False	False	1	1
abc	16	7515	False	3	0	5	5	3	2	2	2	17	12	21	27	5	13	4	6	False	False	1	1
abc	17	5740	True	3	0	4	4	0	2	2	2	23	18	20	18	2	1	2	14	False	False	1	0
abc	17	10513	False	5	1	3	0	1	1	0	0	10	18	24	13	11	9	15	1	False	False	3	0
abc	17	4150	False	0	1	2	0	0	1	1	1	20	17	30	25	3	11	4	19	False	False	1	0
abc	17	3324	False	1	2	2	5	2	1	0	1	7	19	12	7	22	15	7	6	False	False	3	0
abc	17	4467	False	1	2	0	0	5	2	2	0	25	6	26	0	8	16	1	9	False	False	0	0
abc	17	2234	False	4	1	3	5	4	1	2	1	6	14	7	0	19	0	14	12	False	False	0	1
abc	18	4991	False	3	2	4	2	1	0	0	2	25	8	26	17	11	8	9	7	False	False	2	0
abc	18	9415	False	4	1	1	0	0	2	0	2	1	15	16	0	2	4	0	8	False	False	0	1
abc	18	5667	False	3	1	2	2	5	0	1	1	4	10	8	8	26	12	17	11	False	False	0	1
abc	18	63	False	3	2	2	1	4	2	0	0	18	0	19	24	3	8	18	3	False	False	3	1
abc	18	9475	False	4	2	3	0	0	0	1	0	17	3	20	17	12	10	12	4	False	False	0	1
abc	18	3260	False	3	2	5	0	3	2	2	0	23	10	14	18	20	3	18	20	False	False	0	0
abc	19	9406	False	5	1	3	2	2	0	0	0	14	13	13	22	13	6	4	6	False	False	1	0
abc	19	4027	False	1	0	4	5	2	0	1	0	3	10	27	22	27	9	16	12	False	False	2	0
abc	19	9022	False	4	1	2	2	2	2	2	1	30	2	20	9	21	4	7	1	False	False	2	0
abc	19	1601	False	1	1	5	2	0	2	2	2	2	9	14	6	7	1	9	8	False	True	2	0
abc	19	6032	False	4	0	2	1	2	1	1	1	20	3	2	21	6	5	15	19	False	False	3	0
abc	19	7274	False	3	0	2	4	0	0	1	0	16	1	0	17	7	8	12	6	True	False	3	1
abc	2	3260	False	0	0	1	3	2	0	2	1	20	5	5	1	2	18	16	11	False	False	3	1
abc	2	9653	False	1	2	5	3	5	2	2	0	23	9	20	2	1	12	9	1	False	False	1	0
abc	2	1816	False	4	0	5	5	4	2	2	1	12	6	11	14	16	20	11	17	False	False	2	0
abc	2	8705	False	4	2	0	1	3	1	1	2	20	3	29	12	16	6	3	1	False	False	3	1
abc	2	6032	False	2	1	2	4	3	1	2	1	1	19	7	18	27	0	18	5	False	False	3	0
abc	2	4150	False	5	2	3	3	3	2	1	2	11	11	24	5	22	11	0	2	False	False	0	0
abc	20	3015	False	1	1	3	4	2	2	2	0	19	13	4	28	27	3	1	0	False	False	1	0
abc	20	1317	False	2	1	4	0	0	1	2	0	16	20	24	16	1	8	9	16	False	False	1	1
abc	20	10515	False	3	0	5	0	2	0	0	0	24	10	9	10	29	6	12	15	False	False	0	0
abc	20	1816	False	4	0	3	2	3	1	0	2	29	3	18	20	4	9	11	16	False	False	1	0
abc	20	4028	False	1	1	4	3	2	0	2	2	10	20	8	3	11	2	0	4	False	False	1	1
abc	20	709	False	4	1	2	0	4	0	2	1	12	6	0	7	8	17	1	18	False	False	2	0
abc	21	2095	True	3	0	2	5	1	0	2	2	11	17	20	15	7	20	20	12	False	False	3	1
abc	21	10517	False	5	2	1	3	2	1	0	2	5	7	25	22	22	9	2	11	False	False	3	1
abc	21	2614	False	0	0	0	1	0	2	0	2	22	7	25	0	8	12	16	18	False	False	3	1
abc	21	3504	False	3	0	5	1	1	1	2	0	29	8	14	9	13	14	18	17	False	False	3	0
abc	21	340	False	3	2	2	5	3	2	0	2	23	7	14	23	7	16	14	3	False	False	3	0
abc	21	3990	False	1	1	3	0	1	2	2	2	18	4	29	28	18	11	0	18	False	False	0	1
abc	22	10512	False	5	1	5	3	3	0	1	0	20	14	23	26	13	11	11	7	False	False	0	1
abc	22	10516	False	1	1	2	3	4	0	1	0	25	12	7	24	3	11	12	16	False	False	3	1
abc	22	2641	False	0	1	0	5	2	2	1	0	10	18	5	16	5	13	0	10	False	False	2	1
abc	22	10300	False	2	0	1	2	3	0	1	2	19	19	23	6	1	20	15	20	False	False	0	1
abc	22	8705	False	3	0	2	4	1	1	2	2	19	3	17	28	17	6	2	0	False	False	2	1
abc	22	10513	True	3	1	3	0	3	1	2	1	26	12	20	6	2	11	9	17	False	False	3	1
abc	23	10582	False	5	0	5	1	3	2	0	1	1	15	17	15	14	5	20	17	False	False	1	0
abc	23	4150	False	2	2	1	2	5	0	1	1	0	12	21	26	25	10	18	0	False	False	3	0
abc	23	2010	False	0	1	4	4	4	1	0	2	1	12	0	3	13	17	19	2	False	False	3	0
abc	23	3484	False	2	0	3	1	3	0	1	2	26	10	10	15	18	5	16	12	False	False	1	0
abc	23	117	False	4	2	0	0	3	1	2	0	25	3	17	22	5	1	5	9	False	False	1	1
abc	23	4269	False	1	0	5	4	0	2	1	0	0	17	15	26	8	11	13	18	False	False	3	1
abc	24	4050	False	0	1	3	3	2	2	1	0	4	7	3	14	20	16	0	20	False	False	1	1
abc	24	11456	False	2	1	0	1	2	1	2	2	25	8	9	2	9	10	10	8	False	False	3	0
abc	24	2656	False	4	2	0	4	1	0	0	1	1	9	30	21	4	4	12	0	False	False	0	1
abc	24	4467	True	5	2	2	5	4	0	0	0	9	13	3	14	16	5	3	20	False	False	0	0
abc	24	3173	False	0	0	3	0	5	0	1	1	26	4	3	12	2	3	2	17	False	True	0	0
abc	24	9653	False	5	1	5	4	0	1	2	2	29	16	4	18	3	11	20	0	False	False	3	0
abc	25	2234	False	4	2	2	5	3	1	0	1	24	2	12	3	3	19	2	1	False	False	0	1
abc	25	1511	False	2	0	5	3	2	1	0	1	25	6	28	12	19	17	2	4	False	False	2	0
abc	25	1708	False	4	0	0	3	2	1	1	0	13	3	17	22	22	6	12	16	False	False	3	0
abc	25	7515	False	1	1	3	0	5	2	2	0	1	19	0	11	12	9	3	9	False	False	3	1
abc	25	9642	False	2	0	5	5	3	0	1	0	11	0	5	23	2	4	0	2	False	True	2	1
abc	25	451	False	5	0	3	5	5	0	1	2	16	12	27	10	15	7	1	3	False	False	1	0
abc	26	709	False	1	0	5	0	3	2	2	0	4	9	28	5	30	15	16	13	False	False	3	1
abc	26	2614	False	2	2	2	4	4	1	2	2	27	13	16	1	10	14	10	6	True	False	3	0
abc	26	5667	False	5	0	1	0	4	2	0	2	13	9	3	17	14	12	0	19	False	False	2	1
abc	26	1816	False	2	2	2	2	2	2	0	2	30	6	23	27	8	9	2	9	False	False	0	0
abc	26	9406	False	3	1	1	0	4	1	0	2	20	6	10	28	6	11	1	9	False	False	0	1
abc	26	1601	False	2	0	4	5	1	2	2	1	14	20	27	18	12	6	10	17	False	False	1	0
abc	27	3324	False	4	1	0	3	4	2	0	2	15	2	26	25	20	7	10	4	False	False	3	1
abc	27	3504	True	5	0	2	3	0	1	0	2	16	6	14	14	22	5	5	14	False	False	3	1
abc	27	3015	False	4	1	0	2	1	0	2	0	3	19	0	20	19	20	6	17	False	False	3	0
abc	27	1317	False	3	0	2	2	3	1	0	2	14	12	13	17	6	14	20	8	False	False	1	0
abc	27	7274	False	1	0	4	1	4	1	2	2	26	9	5	14	26	13	7	12	False	False	2	0
abc	27	2641	False	2	2	5	3	2	2	1	0	11	20	0	10	7	7	19	2	False	False	3	0
abc	28	9475	False	1	1	3	3	5	0	0	0	9	20	16	25	0	15	17	17	False	False	3	0
abc	28	3484	False	0	2	4	2	1	0	0	2	29	18	11	15	3	14	14	10	True	False	0	0
abc	28	4027	False	1	1	3	4	1	0	0	0	10	9	8	9	24	16	10	17	False	False	0	1
abc	28	340	False	2	0	1	4	4	2	0	1	8	1	5	20	26	17	1	14	False	False	2	0
abc	28	63	False	4	2	1	0	2	2	0	2	18	0	23	28	24	9	10	3	False	False	1	1
abc	28	10513	False	2	1	5	5	5	2	2	2	18	14	1	6	23	7	8	2	False	False	2	1
abc	29	4269	False	4	0	5	1	3	0	0	2	18	1	16	20	4	7	20	2	False	False	3	1
abc	29	10512	True	3	1	1	1	1	2	1	1	16	19	5	8	21	11	7	4	False	False	0	0
abc	29	4050	False	3	1	2	5	4	2	1	1	27	19	16	4	11	20	18	6	False	False	1	1
abc	29	3990	False	3	1	5	1	4	2	2	0	3	3	10	10	16	7	12	7	False	False	2	0
abc	29	3260	False	3	0	5	0	2	1	0	2	1	7	9	5	21	2	7	10	False	True	2	1
abc	29	2656	False	4	1	4	2	4	1	0	1	10	8	7	5	14	6	1	18	False	False	3	0
abc	3	4269	False	5	0	5	5	0	0	2	1	10	16	4	2	29	10	2	1	False	True	2	0
abc	3	7515	True	1	0	3	3	0	1	1	2	1	17	28	27	29	4	6	12	False	False	0	0
abc	3	709	False	1	2	1	3	3	0	2	2	15	7	5	30	25	16	19	13	False	False	2	1
abc	3	2095	False	0	1	2	0	1	2	0	0	22	9	21	6	23	0	13	4	False	False	3	0
abc	3	3324	False	2	1	2	5	5	0	0	1	4	14	10	7	29	14	9	4	False	False	2	0
abc	3	9415	False	0	1	1	2	2	2	0	2	16	3	3	29	27	5	5	16	False	False	0	1
abc	30	4991	False	2	1	4	4	2	1	1	1	22	4	13	23	9	2	1	4	False	False	2	1
abc	30	10517	False	3	1	0	3	2	2	1	2	28	17	14	1	5	2	11	14	False	False	2	1
abc	30	5740	False	2	1	0	0	4	1	1	0	30	19	11	16	28	8	4	5	False	False	0	0
abc	30	9415	False	3	2	0	4	2	0	1	1	10	7	24	4	5	4	16	19	False	False	0	0
abc	30	9022	False	1	2	5	0	5	0	1	0	15	1	16	26	19	9	12	17	False	False	0	1
abc	30	1511	False	1	0	4	1	1	0	0	2	7	6	24	6	14	13	3	15	True	False	2	1
abc	31	7515	False	2	0	2	5	3	1	1	2	13	4	21	9	23	13	17	4	False	False	0	1
abc	31	117	False	0	1	2	4	0	1	1	2	6	19	18	20	5	16	6	0	False	False	2	1
abc	31	3173	False	1	0	0	2	4	2	2	2	0	3	18	28	23	1	20	19	False	False	1	1
abc	31	2234	False	1	1	2	3	2	1	2	1	19	7	1	26	10	6	14	8	False	False	1	0
abc	31	10300	False	3	1	1	1	1	1	1	0	10	4	11	9	0	3	9	20	False	False	0	1
abc	31	9653	False	0	2	1	2	0	2	1	1	15	19	26	24	13	18	7	9	False	False	1	1
abc	32	451	True	0	2	2	0	1	1	1	0	29	4	13	23	25	1	4	5	False	False	3	1
abc	32	10582	False	4	2	0	2	1	2	1	2	22	18	25	8	4	13	9	3	False	False	3	1
abc	32	1708	False	0	0	0	1	5	0	2	2	22	1	29	25	2	9	4	9	False	False	0	0
abc	32	11456	False	3	0	1	1	0	1	0	0	12	18	28	6	9	0	17	9	False	False	3	0
abc	32	8705	False	2	1	4	2	1	0	2	0	17	11	14	21	23	13	2	20	False	False	0	0
abc	32	10515	False	2	1	1	5	2	2	0	0	26	9	27	19	9	6	19	3	False	False	3	0
abc	33	2010	False	2	1	0	4	4	0	0	2	16	20	28	21	25	14	12	11	False	False	1	1
abc	33	4467	False	1	0	5	3	1	1	2	1	5	2	20	14	14	4	6	19	False	False	1	0
abc	33	9642	False	3	1	0	3	1	0	1	0	14	14	15	6	18	9	5	0	False	False	0	1
abc	33	2095	False	0	0	2	2	3	0	1	2	12	7	1	9	3	11	13	0	False	False	2	1
abc	33	4028	False	4	2	4	2	4	1	2	2	12	2	9	2	25	15	11	3	False	True	1	1
abc	33	10516	False	5	0	1	4	5	1	1	0	14	1	29	28	21	12	12	18	False	False	0	0
